donor_id,cell_id,area_of_interest_id,exome_ref_line,position_of_interest,UMI_id,read_set_id,set_nucleotide_to,num_reads
SYN_F2,1,1,0,226450,1,1,A,30
SYN_F2,1,1,0,226450,1,2,T,10
SYN_F2,1,1,0,226450,2,1,A,30
SYN_F2,1,1,0,226450,2,2,A,10
SYN_F2,1,1,0,226450,3,1,A,30
SYN_F2,1,1,0,226450,3,2,A,10
SYN_F2,2,1,0,197950,1,1,A,30
SYN_F2,2,1,0,197950,1,2,C,20
SYN_F2,2,1,0,197950,2,1,A,3
SYN_F2,2,2,0,204600,1,1,A,300
SYN_F2,2,2,0,204600,1,2,A,20
SYN_F2,2,2,0,204600,2,1,T,3
SYN_F2,3,1,0,226450,1,1,A,2
SYN_F2,3,1,0,226450,1,2,C,2
SYN_F2,3,1,0,226450,2,1,A,2
